30 Days of JavaScript,
Drum Kit,https://jonrhymes.github.io/30daysJS-DrumKit/
CSS Clock,https://jonrhymes.github.io/30daysJS-JS_CSS_Clock/
CSS Variable,https://jonrhymes.github.io/30daysJS-CSS_Variables/
Flex Panel Gallery,https://jonrhymes.github.io/30daysJS-Flex_Panel_Gallery/
Type Ahead,https://jonrhymes.github.io/30daysJS-Type_Ahead/
HTML5 Canvas,https://jonrhymes.github.io/30daysJS-HTML5_Canvas/
Shift Selection,https://jonrhymes.github.io/30daysJS-Shift_Selection/
Video Player,https://jonrhymes.github.io/30daysJS-Video_Player/
Slide In on Scroll,https://jonrhymes.github.io/30daysJS-Slide_In_Scroll/
Local Storage List,https://jonrhymes.github.io/30daysJS-LocalStorage_List/
Numbers Guessing Game,https://jonrhymes.github.io/30daysJS-Number_Guessing_Game/